URL,time,Label,orderid,Revenue
https://diettogo.com/thanks,1/06/14,_fp.event.Order Confirmation Page,,
https://diettogo.com/thanks,1/06/14,_fp.event.Order Confirmation Page,,
https://diettogo.com/thanks,1/06/14,_fp.event.Order Confirmation Page,,
https://diettogo.com/thanks,1/06/14,_fp.event.Order Confirmation Page,,
https://diettogo.com/thanks,1/06/14,_fp.event.Order Confirmation Page,,
https://diettogo.com/thanks,1/06/14,_fp.event.Order Confirmation Page,,
https://diettogo.com/thanks,1/06/14,_fp.event.Order Confirmation Page,,
https://diettogo.com/thanks,1/06/14,_fp.event.Order Confirmation Page,,
https://diettogo.com/thanks,1/04/14,_fp.event.Order Confirmation Page,,
https://diettogo.com/thanks,1/06/14,_fp.event.Order Confirmation Page,,
https://diettogo.com/thanks,1/06/14,_fp.event.Order Confirmation Page,,
https://diettogo.com/thanks,1/06/14,_fp.event.Order Confirmation Page,,
https://diettogo.com/thanks,1/06/14,_fp.event.Order Confirmation Page,,
https://diettogo.com/thanks,1/06/14,_fp.event.Order Confirmation Page,,
https://diettogo.com/thanks,1/06/14,_fp.event.Order Confirmation Page,,
https://diettogo.com/thanks,1/06/14,_fp.event.Order Confirmation Page,,
https://diettogo.com/thanks,1/06/14,_fp.event.Order Confirmation Page,,
https://diettogo.com/thanks,1/06/14,_fp.event.Order Confirmation Page,,
https://diettogo.com/thanks,1/06/14,_fp.event.Order Confirmation Page,,
https://diettogo.com/thanks,1/06/14,_fp.event.Order Confirmation Page,,
https://diettogo.com/thanks,1/06/14,_fp.event.Order Confirmation Page,,
https://diettogo.com/thanks,1/06/14,_fp.event.Order Confirmation Page,,
https://diettogo.com/thanks,1/06/14,_fp.event.Order Confirmation Page,,
https://diettogo.com/thanks,1/06/14,_fp.event.Order Confirmation Page,,
https://diettogo.com/thanks,1/06/14,_fp.event.Order Confirmation Page,,
https://diettogo.com/thanks,1/06/14,_fp.event.Order Confirmation Page,,
https://diettogo.com/thanks,1/06/14,_fp.event.Order Confirmation Page,,
https://diettogo.com/thanks,1/06/14,_fp.event.Order Confirmation Page,,
https://diettogo.com/thanks,1/06/14,_fp.event.Order Confirmation Page,,
https://diettogo.com/thanks,1/06/14,_fp.event.Order Confirmation Page,,
https://diettogo.com/thanks,1/06/14,_fp.event.Order Confirmation Page,,
https://diettogo.com/thanks,1/06/14,_fp.event.Order Confirmation Page,,
https://diettogo.com/thanks,1/06/14,_fp.event.Order Confirmation Page,,
https://diettogo.com/thanks,1/06/14,_fp.event.Order Confirmation Page,,
https://diettogo.com/thanks,1/06/14,_fp.event.Order Confirmation Page,,
https://diettogo.com/thanks,1/06/14,_fp.event.Order Confirmation Page,,
https://diettogo.com/thanks,1/06/14,_fp.event.Order Confirmation Page,,
https://diettogo.com/thanks,1/06/14,_fp.event.Order Confirmation Page,,
https://diettogo.com/thanks,1/06/14,_fp.event.Order Confirmation Page,,
https://diettogo.com/thanks,1/06/14,_fp.event.Order Confirmation Page,,
https://diettogo.com/thanks,1/06/14,_fp.event.Order Confirmation Page,,
https://diettogo.com/thanks,1/06/14,_fp.event.Order Confirmation Page,,
https://diettogo.com/thanks,1/06/14,_fp.event.Order Confirmation Page,,
https://diettogo.com/thanks,1/06/14,_fp.event.Order Confirmation Page,,
https://diettogo.com/thanks,1/06/14,_fp.event.Order Confirmation Page,,
https://diettogo.com/thanks,1/06/14,_fp.event.Order Confirmation Page,,
https://diettogo.com/thanks,1/04/14,_fp.event.Order Confirmation Page,,
https://diettogo.com/thanks,1/06/14,_fp.event.Order Confirmation Page,,
https://diettogo.com/thanks,1/06/14,_fp.event.Order Confirmation Page,,
https://diettogo.com/thanks,1/06/14,_fp.event.Order Confirmation Page,,
https://diettogo.com/thanks,1/05/14,_fp.event.Order Confirmation Page,,
https://diettogo.com/thanks,1/06/14,_fp.event.Order Confirmation Page,,
https://diettogo.com/thanks,1/06/14,_fp.event.Order Confirmation Page,,
https://diettogo.com/thanks,1/06/14,_fp.event.Order Confirmation Page,,
https://diettogo.com/thanks,1/06/14,_fp.event.Order Confirmation Page,,
https://diettogo.com/thanks,1/06/14,_fp.event.Order Confirmation Page,,
https://diettogo.com/thanks,1/06/14,_fp.event.Order Confirmation Page,,
https://diettogo.com/thanks,1/06/14,_fp.event.Order Confirmation Page,,
https://diettogo.com/thanks,1/06/14,_fp.event.Order Confirmation Page,,
https://diettogo.com/thanks,1/06/14,_fp.event.Order Confirmation Page,,
https://diettogo.com/thanks,1/05/14,_fp.event.Order Confirmation Page,,
https://diettogo.com/thanks,1/06/14,_fp.event.Order Confirmation Page,,
https://diettogo.com/thanks,1/05/14,_fp.event.Order Confirmation Page,,
https://diettogo.com/thanks,1/06/14,_fp.event.Order Confirmation Page,,
https://diettogo.com/thanks,1/06/14,_fp.event.Order Confirmation Page,,
https://diettogo.com/thanks,1/05/14,_fp.event.Order Confirmation Page,,
https://diettogo.com/thanks,1/05/14,_fp.event.Order Confirmation Page,,
https://diettogo.com/thanks,1/05/14,_fp.event.Order Confirmation Page,,
https://diettogo.com/thanks,1/05/14,_fp.event.Order Confirmation Page,,
https://diettogo.com/thanks,1/05/14,_fp.event.Order Confirmation Page,,
https://diettogo.com/thanks,1/05/14,_fp.event.Order Confirmation Page,,
https://diettogo.com/thanks,1/05/14,_fp.event.Order Confirmation Page,,
https://diettogo.com/thanks,1/05/14,_fp.event.Order Confirmation Page,,
https://diettogo.com/thanks,1/05/14,_fp.event.Order Confirmation Page,,
https://diettogo.com/thanks,1/05/14,_fp.event.Order Confirmation Page,,
https://diettogo.com/thanks,1/05/14,_fp.event.Order Confirmation Page,,
https://diettogo.com/thanks,1/05/14,_fp.event.Order Confirmation Page,,
https://diettogo.com/thanks,1/05/14,_fp.event.Order Confirmation Page,,
https://diettogo.com/thanks,1/05/14,_fp.event.Order Confirmation Page,,
https://diettogo.com/thanks,1/05/14,_fp.event.Order Confirmation Page,,
https://diettogo.com/thanks,1/05/14,_fp.event.Order Confirmation Page,,
https://diettogo.com/thanks,1/05/14,_fp.event.Order Confirmation Page,,
https://diettogo.com/thanks,1/05/14,_fp.event.Order Confirmation Page,,
https://diettogo.com/thanks,1/05/14,_fp.event.Order Confirmation Page,,
https://diettogo.com/thanks,1/05/14,_fp.event.Order Confirmation Page,,
https://diettogo.com/thanks,1/05/14,_fp.event.Order Confirmation Page,,
https://diettogo.com/thanks,1/05/14,_fp.event.Order Confirmation Page,,
https://diettogo.com/thanks,1/05/14,_fp.event.Order Confirmation Page,,
https://diettogo.com/thanks,1/05/14,_fp.event.Order Confirmation Page,,
https://diettogo.com/thanks,1/05/14,_fp.event.Order Confirmation Page,,
https://diettogo.com/thanks,1/05/14,_fp.event.Order Confirmation Page,,
https://diettogo.com/thanks,1/05/14,_fp.event.Order Confirmation Page,,
https://diettogo.com/thanks,1/05/14,_fp.event.Order Confirmation Page,,
https://diettogo.com/thanks,1/05/14,_fp.event.Order Confirmation Page,,
https://diettogo.com/thanks,1/04/14,_fp.event.Order Confirmation Page,,
https://diettogo.com/thanks,1/04/14,_fp.event.Order Confirmation Page,,
https://diettogo.com/thanks,1/05/14,_fp.event.Order Confirmation Page,,
https://diettogo.com/thanks,1/05/14,_fp.event.Order Confirmation Page,,
https://diettogo.com/thanks,1/05/14,_fp.event.Order Confirmation Page,,
https://diettogo.com/thanks,1/05/14,_fp.event.Order Confirmation Page,,
https://diettogo.com/thanks,1/05/14,_fp.event.Order Confirmation Page,,
https://diettogo.com/thanks,1/04/14,_fp.event.Order Confirmation Page,,
https://diettogo.com/thanks,1/04/14,_fp.event.Order Confirmation Page,,
https://diettogo.com/thanks,1/05/14,_fp.event.Order Confirmation Page,,
https://diettogo.com/thanks,1/05/14,_fp.event.Order Confirmation Page,,
https://diettogo.com/thanks,1/05/14,_fp.event.Order Confirmation Page,,
https://diettogo.com/thanks,1/05/14,_fp.event.Order Confirmation Page,,
https://diettogo.com/thanks,1/04/14,_fp.event.Order Confirmation Page,,
https://diettogo.com/thanks,1/05/14,_fp.event.Order Confirmation Page,,
https://diettogo.com/thanks,1/04/14,_fp.event.Order Confirmation Page,,
https://diettogo.com/thanks,1/05/14,_fp.event.Order Confirmation Page,,
https://diettogo.com/thanks,1/04/14,_fp.event.Order Confirmation Page,,
https://diettogo.com/thanks,1/04/14,_fp.event.Order Confirmation Page,,
https://diettogo.com/thanks,1/04/14,_fp.event.Order Confirmation Page,,
https://diettogo.com/thanks,1/04/14,_fp.event.Order Confirmation Page,,
https://diettogo.com/thanks,1/04/14,_fp.event.Order Confirmation Page,,
https://diettogo.com/thanks,1/04/14,_fp.event.Order Confirmation Page,,
https://diettogo.com/thanks,1/04/14,_fp.event.Order Confirmation Page,,
https://diettogo.com/thanks,1/04/14,_fp.event.Order Confirmation Page,,
https://diettogo.com/thanks,1/04/14,_fp.event.Order Confirmation Page,,
https://diettogo.com/thanks,1/04/14,_fp.event.Order Confirmation Page,,
https://diettogo.com/thanks,1/04/14,_fp.event.Order Confirmation Page,,
https://diettogo.com/thanks,1/04/14,_fp.event.Order Confirmation Page,,
https://diettogo.com/thanks,1/04/14,_fp.event.Order Confirmation Page,,
https://diettogo.com/thanks,1/04/14,_fp.event.Order Confirmation Page,,
https://diettogo.com/thanks,1/04/14,_fp.event.Order Confirmation Page,,
https://diettogo.com/thanks,1/04/14,_fp.event.Order Confirmation Page,,
https://diettogo.com/thanks,1/04/14,_fp.event.Order Confirmation Page,,
https://diettogo.com/thanks,1/04/14,_fp.event.Order Confirmation Page,,
https://diettogo.com/thanks,1/04/14,_fp.event.Order Confirmation Page,,
https://diettogo.com/thanks,1/04/14,_fp.event.Order Confirmation Page,,
https://diettogo.com/thanks,1/04/14,_fp.event.Order Confirmation Page,,
https://diettogo.com/thanks,1/04/14,_fp.event.Order Confirmation Page,,
https://diettogo.com/thanks,1/04/14,_fp.event.Order Confirmation Page,,
https://diettogo.com/thanks,1/04/14,_fp.event.Order Confirmation Page,,
https://diettogo.com/thanks,1/04/14,_fp.event.Order Confirmation Page,,
https://diettogo.com/thanks,1/04/14,_fp.event.Order Confirmation Page,,
https://diettogo.com/thanks,1/04/14,_fp.event.Order Confirmation Page,,
https://diettogo.com/thanks,1/04/14,_fp.event.Order Confirmation Page,,
https://diettogo.com/thanks,1/04/14,_fp.event.Order Confirmation Page,,
https://diettogo.com/thanks,1/04/14,_fp.event.Order Confirmation Page,,
https://diettogo.com/thanks,1/04/14,_fp.event.Order Confirmation Page,,
https://diettogo.com/thanks,1/04/14,_fp.event.Order Confirmation Page,,
https://diettogo.com/thanks,1/04/14,_fp.event.Order Confirmation Page,,
https://diettogo.com/thanks,1/04/14,_fp.event.Order Confirmation Page,,
https://diettogo.com/thanks,1/04/14,_fp.event.Order Confirmation Page,,
https://diettogo.com/thanks,1/04/14,_fp.event.Order Confirmation Page,,
https://diettogo.com/thanks,1/04/14,_fp.event.Order Confirmation Page,,
https://diettogo.com/thanks,1/04/14,_fp.event.Order Confirmation Page,,
https://diettogo.com/thanks,1/04/14,_fp.event.Order Confirmation Page,,
https://diettogo.com/thanks,1/04/14,_fp.event.Order Confirmation Page,,
https://diettogo.com/thanks,1/04/14,_fp.event.Order Confirmation Page,,
https://diettogo.com/thanks,1/04/14,_fp.event.Order Confirmation Page,,
https://diettogo.com/thanks,1/04/14,_fp.event.Order Confirmation Page,,
https://diettogo.com/thanks,1/04/14,_fp.event.Order Confirmation Page,,
https://diettogo.com/thanks,1/04/14,_fp.event.Order Confirmation Page,,
https://diettogo.com/thanks,1/04/14,_fp.event.Order Confirmation Page,,
https://diettogo.com/thanks,1/04/14,_fp.event.Order Confirmation Page,,
https://diettogo.com/thanks,1/04/14,_fp.event.Order Confirmation Page,,
https://diettogo.com/thanks,1/04/14,_fp.event.Order Confirmation Page,,
https://diettogo.com/thanks,1/04/14,_fp.event.Order Confirmation Page,,
https://diettogo.com/thanks,1/04/14,_fp.event.Order Confirmation Page,,
https://diettogo.com/thanks,1/04/14,_fp.event.Order Confirmation Page,,
https://diettogo.com/thanks,1/04/14,_fp.event.Order Confirmation Page,,
https://diettogo.com/thanks,1/04/14,_fp.event.Order Confirmation Page,,
https://diettogo.com/thanks,1/04/14,_fp.event.Order Confirmation Page,,
https://diettogo.com/thanks,1/04/14,_fp.event.Order Confirmation Page,,
https://diettogo.com/thanks,1/06/14,_fp.event.Order Confirmation Page,,
https://diettogo.com/thanks,1/05/14,_fp.event.Order Confirmation Page,,
https://diettogo.com/thanks,1/04/14,_fp.event.Order Confirmation Page,,
https://diettogo.com/thanks,1/04/14,_fp.event.Order Confirmation Page,,
